{
  "project_info": {
    "project_number": "607072506875",
    "firebase_url": "https://chat-db-32cde-default-rtdb.firebaseio.com",
    "project_id": "chat-db-32cde",
    "storage_bucket": "chat-db-32cde.appspot.com"
  },
  "client": [
    {
      "client_info": {
        "mobilesdk_app_id": "1:607072506875:android:0bfb7abf23a2ad5fd5f15e",
        "android_client_info": {
          "package_name": "com.kis.lastapp"
        }
      },
      "oauth_client": [
        {
          "client_id": "607072506875-q68ujsraof7fsvganaiepdo578fvkp0t.apps.googleusercontent.com",
          "client_type": 3
        }
      ],
      "api_key": [
        {
          "current_key": "AIzaSyAoCCMiosBUeGrmW4NwUsFOw4uCcqaGwL8"
        }
      ],
      "services": {
        "appinvite_service": {
          "other_platform_oauth_client": [
            {
              "client_id": "607072506875-q68ujsraof7fsvganaiepdo578fvkp0t.apps.googleusercontent.com",
              "client_type": 3
            }
          ]
        }
      }
    },
    {
      "client_info": {
        "mobilesdk_app_id": "1:607072506875:android:cb564d979715e82bd5f15e",
        "android_client_info": {
          "package_name": "com.kis.lastapplication"
        }
      },
      "oauth_client": [
        {
          "client_id": "607072506875-q68ujsraof7fsvganaiepdo578fvkp0t.apps.googleusercontent.com",
          "client_type": 3
        }
      ],
      "api_key": [
        {
          "current_key": "AIzaSyAoCCMiosBUeGrmW4NwUsFOw4uCcqaGwL8"
        }
      ],
      "services": {
        "appinvite_service": {
          "other_platform_oauth_client": [
            {
              "client_id": "607072506875-q68ujsraof7fsvganaiepdo578fvkp0t.apps.googleusercontent.com",
              "client_type": 3
            }
          ]
        }
      }
    },
    {
      "client_info": {
        "mobilesdk_app_id": "1:607072506875:android:409a21c82488cf85d5f15e",
        "android_client_info": {
          "package_name": "com.kis.lastapplication2"
        }
      },
      "oauth_client": [
        {
          "client_id": "607072506875-q68ujsraof7fsvganaiepdo578fvkp0t.apps.googleusercontent.com",
          "client_type": 3
        }
      ],
      "api_key": [
        {
          "current_key": "AIzaSyAoCCMiosBUeGrmW4NwUsFOw4uCcqaGwL8"
        }
      ],
      "services": {
        "appinvite_service": {
          "other_platform_oauth_client": [
            {
              "client_id": "607072506875-q68ujsraof7fsvganaiepdo578fvkp0t.apps.googleusercontent.com",
              "client_type": 3
            }
          ]
        }
      }
    },
    {
      "client_info": {
        "mobilesdk_app_id": "1:607072506875:android:254017435ce2d2b8d5f15e",
        "android_client_info": {
          "package_name": "com.kis.lastchallenge"
        }
      },
      "oauth_client": [
        {
          "client_id": "607072506875-q68ujsraof7fsvganaiepdo578fvkp0t.apps.googleusercontent.com",
          "client_type": 3
        }
      ],
      "api_key": [
        {
          "current_key": "AIzaSyAoCCMiosBUeGrmW4NwUsFOw4uCcqaGwL8"
        }
      ],
      "services": {
        "appinvite_service": {
          "other_platform_oauth_client": [
            {
              "client_id": "607072506875-q68ujsraof7fsvganaiepdo578fvkp0t.apps.googleusercontent.com",
              "client_type": 3
            }
          ]
        }
      }
    }
  ],
  "configuration_version": "1"
}